date,close,high,low,open,volume,daily_returns,cumulative_returns,ma_20,ma_50,ma_200,rolling_volatility_20,year_over_year_growth,cagr,ma_3_month
2026-01-19,1413.599976,1450.599976,1403.300049,1450.599976,20386611,,,,,,,21.176057866155283,-0.04092778733380875,
2026-01-16,1457.900024,1480.0,1455.099976,1458.800049,17167161,0.031338461199860834,0.031338461199860834,,,,,21.176057866155283,-0.04092778733380875,
2026-01-15,1458.800049,1458.800049,1458.800049,1458.800049,0,0.0006173434290306368,0.03197515122198924,,,,,21.176057866155283,-0.04092778733380875,
2026-01-14,1458.800049,1467.0,1440.199951,1444.0,8321764,0.0,0.03197515122198924,,,,,21.176057866155283,-0.04092778733380875,
2026-01-13,1452.800049,1485.800049,1444.699951,1485.0,13499760,-0.0041129694258736915,0.027730668976751804,,,,,21.176057866155283,-0.04092778733380875,
2026-01-12,1483.199951,1485.300049,1451.0,1475.300049,8883745,0.020925041970452307,0.04923597635941146,,,,,21.176057866155283,-0.04092778733380875,
2026-01-09,1475.300049,1479.900024,1465.0,1465.0,8335311,-0.005326255569705118,0.04364747739639219,,,,,21.176057866155283,-0.04092778733380875,
2026-01-08,1470.599976,1503.900024,1468.800049,1500.0,16518684,-0.003185842095772884,0.040322581329755636,,,,,21.176057866155283,-0.04092778733380875,
2026-01-07,1504.199951,1520.0,1498.0,1510.0,11199340,0.022847800590471534,0.06409166421774248,,,,,21.176057866155283,-0.04092778733380875,
2026-01-06,1507.599976,1569.0,1496.300049,1569.0,27417125,0.002260354414810095,0.0664968885087196,,,,,21.176057866155283,-0.04092778733380875,
2026-01-05,1578.099976,1611.800049,1575.300049,1593.0,8704973,0.046763067870996045,0.11636955489025902,,,,,21.176057866155283,-0.04092778733380875,
2026-01-02,1592.300049,1594.599976,1578.199951,1580.0,6602230,0.008998208742130975,0.1264148811785215,,,,,21.176057866155283,-0.04092778733380875,
2026-01-01,1575.599976,1592.5,1571.099976,1573.699951,6408128,-0.010488018894735274,0.11460102062141009,,,,,21.176057866155283,-0.04092778733380875,
2025-12-31,1570.400024,1577.0,1541.0,1541.0,5771830,-0.003300299618689495,0.1109225032980623,,,,,,-0.04092778733380875,
2025-12-30,1539.800049,1553.599976,1537.800049,1547.0,8815884,-0.019485465188709195,0.08927566153269417,,,,,,-0.04092778733380875,
2025-12-29,1545.599976,1558.099976,1543.599976,1554.900024,5972105,0.0037666754224139343,0.09337860939522313,,,,,,-0.04092778733380875,
2025-12-26,1559.199951,1561.0,1554.300049,1554.699951,2311495,0.008799155804334768,0.10299941813241853,,,,,,-0.04092778733380875,
2025-12-25,1558.199951,1558.199951,1558.199951,1558.199951,0,-0.0006413545609456062,0.10229200442487896,,,,,,-0.04092778733380875,
2025-12-24,1558.199951,1575.699951,1553.599976,1572.699951,8815745,0.0,0.10229200442487896,,,,,,-0.04092778733380875,
2025-12-23,1570.699951,1580.900024,1568.099976,1580.900024,7506564,0.00802207700749702,0.11113467576912361,1516.5449952,,,,,-0.04092778733380875,
2025-12-22,1575.400024,1577.5,1565.300049,1573.5,10184852,0.0029923429977873894,0.11445957183576017,1524.6349976,,,0.015083691883620841,,-0.04092778733380875,
2025-12-19,1565.099976,1574.199951,1551.0,1554.400024,13937275,-0.006538052458478383,0.10717317669224458,1529.9949952,,,0.01401388041901435,,-0.04092778733380875,
2025-12-18,1544.400024,1551.5,1535.199951,1535.199951,6580829,-0.013225961483242621,0.09252974690203364,1534.27499395,,,0.01450460533814567,,-0.04092778733380875,
2025-12-17,1544.400024,1550.0,1539.300049,1550.0,7116649,0.0,0.09252974690203364,1538.5549927,,,0.01450460533814567,,-0.04092778733380875,
2025-12-16,1542.300049,1551.699951,1538.800049,1545.0,11731856,-0.0013597351511048794,0.09104419580154333,1543.0299927,,,0.014446958881374598,,-0.04092778733380875,
2025-12-15,1556.199951,1558.599976,1546.5,1551.199951,5774543,0.009012449950327461,0.10087717700980003,1546.6799927,,,0.013908530658767248,,-0.04092778733380875,
2025-12-12,1556.5,1559.800049,1546.099976,1550.800049,5106655,0.0001928087710112436,0.10108943578533358,1550.73999025,,,0.01379949687547506,,-0.04092778733380875,
2025-12-11,1545.0,1550.0,1524.0,1536.900024,4706197,-0.007388371345968481,0.09295417814862872,1554.45999145,,,0.013926397225126844,,-0.04092778733380875,
2025-12-10,1536.900024,1547.5,1531.400024,1534.0,7991629,-0.0052427029126213,0.08722414409548729,1556.0949951,,,0.013168658000072967,,-0.04092778733380875,
2025-12-09,1529.400024,1542.5,1520.099976,1540.300049,11503971,-0.004879953076245114,0.0819185412889405,1557.1849975,,,0.013233795880728145,,-0.04092778733380875,
2025-12-08,1543.0,1551.0,1535.0,1539.199951,11301491,0.008892360263229593,0.09153935073354957,1555.4299987,,,0.007975934296683983,,-0.04092778733380875,
2025-12-05,1540.599976,1545.800049,1520.599976,1530.400024,10183266,-0.0015554270900842715,0.08984154085752571,1552.84499505,,,0.0076140203500899735,,-0.04092778733380875,
2025-12-04,1535.599976,1560.5,1517.599976,1536.0,11867930,-0.003245488821168152,0.08630447231982785,1550.84499505,,,0.007337325093405852,,-0.04092778733380875,
2025-12-03,1538.800049,1552.400024,1533.0,1545.199951,6090883,0.002083923580368685,0.08856824782515504,1549.2649963,,,0.007357244380333623,,-0.04092778733380875,
2025-12-02,1546.300049,1567.5,1542.0,1561.099976,11389150,0.004873927580697712,0.09387385063170184,1549.5899963,,,0.006031007664788349,,-0.04092778733380875,
2025-12-01,1566.099976,1577.5,1563.599976,1575.0,8920233,0.012804712133847929,0.10788059039978459,1550.6149963,,,0.006619971269560898,,-0.04092778733380875,
2025-11-28,1567.5,1581.300049,1563.0,1568.0,8959508,0.0008939556997988873,0.1088709865682691,1551.02999875,,,0.00633974202259252,,-0.04092778733380875,
2025-11-27,1563.400024,1575.5,1556.0,1575.0,9794643,-0.0026156146730462737,0.10597060734528574,1551.2900023999998,,,0.006370214905794795,,-0.04092778733380875,
2025-11-26,1569.900024,1571.599976,1540.5,1542.300049,14054299,0.004157605155569621,0.11056879644429296,1551.8750060500001,,,0.006431374705267371,,-0.04092778733380875,
2025-11-25,1539.699951,1559.599976,1525.099976,1535.900024,15033482,-0.01923694027537637,0.08920485083539753,1550.32500605,,,0.007525075854851464,,-0.04092778733380875,
2025-11-24,1535.900024,1550.0,1531.800049,1550.0,18433951,-0.0024679659160423695,0.08651673038794772,1548.35000605,,,0.007472652616760269,,-0.04092778733380875,
2025-11-21,1546.599976,1557.800049,1540.099976,1541.0,9615271,0.006966568027086506,0.09408602310276293,1547.4250060499999,,,0.007578327550643497,,-0.04092778733380875,
2025-11-20,1549.099976,1550.900024,1526.699951,1530.0,18171724,0.0016164490099539464,0.09585455737161186,1547.66000365,,,0.006976249119839936,,-0.04092778733380875,
2025-11-19,1518.900024,1522.300049,1512.0,1517.400024,5692366,-0.01949516007222507,0.07449069735977498,1546.38500365,,,0.00824806033130996,,-0.04092778733380875,
2025-11-18,1519.400024,1527.800049,1510.5,1521.699951,11045042,0.0003291855896370155,0.07484440421354477,1545.2400024,,,0.0082506694127134,,-0.04092778733380875,
2025-11-17,1518.300049,1523.699951,1511.5,1520.900024,5871416,-0.0007239535228545924,0.0740662668205938,1543.3450073,,,0.007927403198433963,,-0.04092778733380875,
2025-11-14,1518.900024,1520.900024,1505.5,1505.5,7682823,0.0003951623398781301,0.07449069735977476,1541.4650085,,,0.007929405958639803,,-0.04092778733380875,
2025-11-13,1510.900024,1522.099976,1506.800049,1515.0,7196443,-0.005266969434191027,0.06883138769945818,1539.7600097,,,0.007856003259649252,,-0.04092778733380875,
2025-11-12,1511.5,1524.699951,1500.0,1505.0,12384459,0.0003970984118535359,0.06925581894605282,1538.4900085,,,0.007799959241167479,,-0.04092778733380875,
2025-11-11,1493.400024,1498.800049,1480.199951,1497.0,7127506,-0.011974843532914337,0.05645164781751566,1536.6900085,1531.2060034,,0.008148644907532877,,-0.04092778733380875,
2025-11-10,1489.300049,1501.0,1475.5,1477.900024,7068438,-0.0027453963667540826,0.05355126930194598,1534.00501095,1532.72000486,,0.007801257639681597,,-0.04092778733380875,
2025-11-07,1478.0,1498.400024,1475.900024,1494.599976,7821765,-0.007587489846379469,0.04555745974347736,1530.87501215,1533.12200438,,0.007909577948114413,,-0.04092778733380875,
2025-11-06,1496.099976,1501.599976,1476.199951,1484.0,16772678,0.01224626251691463,0.05836163087201429,1528.90001215,1533.86800292,,0.008520487070919893,,-0.04092778733380875,
2025-11-05,1473.099976,1473.099976,1473.099976,1473.099976,0,-0.015373304170148594,0.042091115598604345,1525.6150085,1534.15400146,,0.009037582732604686,,-0.04092778733380875,
2025-11-04,1473.099976,1492.800049,1470.099976,1483.900024,10007806,0.0,0.042091115598604345,1521.95500485,1534.56,,0.008903203213195522,,-0.04092778733380875,
2025-11-03,1484.699951,1495.0,1479.300049,1486.0,8452085,0.00787453342542177,0.050297096920720596,1517.8850036,1534.59,,0.008520558436426925,,-0.04092778733380875,
2025-10-31,1486.400024,1497.5,1482.300049,1490.400024,8758053,0.0011450616664026025,0.05149975186473843,1513.8300048,1534.8119995000002,,0.008526208360234957,,-0.04092778733380875,
2025-10-30,1488.5,1503.099976,1484.0,1500.0,9318663,0.0014127933033456497,0.05298530367264265,1510.0850036,1535.1699999799998,,0.008573717858149121,,-0.04092778733380875,
2025-10-29,1504.199951,1508.300049,1488.099976,1490.0,11884745,0.010547498152502666,0.06409166421774226,1506.79999995,1535.16999998,,0.008942711840647363,,-0.04092778733380875,
2025-10-28,1486.900024,1492.0,1477.599976,1484.099976,17631577,-0.011501082012733033,0.05185345871850844,1504.1600036,1534.75600094,,0.008307060814786892,,-0.04092778733380875,
2025-10-27,1484.099976,1485.0,1458.0,1463.0,14113867,-0.001883144767505951,0.04987266638153964,1501.5700012,1532.87600094,,0.008305282462766995,,-0.04092778733380875,
2025-10-24,1451.599976,1459.800049,1441.0,1450.0,9700837,-0.021898794235948427,0.026881720886503757,1496.8200012000002,1530.06199948,,0.009184921344882172,,-0.04092778733380875,
2025-10-23,1448.400024,1482.900024,1444.599976,1475.0,18707090,-0.002204431009166674,0.024618030978235117,1491.7850036,1527.51800044,,0.009120636773585595,,-0.04092778733380875,
2025-10-21,1465.199951,1474.0,1460.0,1468.0,2066169,0.011598955206866268,0.036502529623699154,1489.09999995,1525.41399898,,0.008864008393916597,,-0.04092778733380875,
2025-10-20,1466.800049,1473.800049,1433.300049,1440.0,24721978,0.00109206801358952,0.03763446088230582,1486.4700011999998,1523.95399898,,0.008875109275305411,,-0.04092778733380875,
2025-10-17,1416.800049,1423.300049,1399.099976,1401.0,19335561,-0.034087809060333596,0.0022637755053276365,1481.3950012,1521.37800044,,0.011441941778399755,,-0.04092778733380875,
2025-10-16,1398.300049,1400.5,1375.0,1375.099976,12315932,-0.013057594127737104,-0.010823378084154345,1475.3650024499998,1518.1600024,,0.01160197370675271,,-0.04092778733380875,
2025-10-15,1374.300049,1384.0,1372.699951,1383.0,10882743,-0.017163698175626685,-0.027801307065103864,1468.5350037,1514.4820043599998,,0.011966190065737875,,-0.04092778733380875,
2025-10-14,1375.900024,1388.0,1370.099976,1380.0,9768174,0.001164210829479595,-0.026669462818383116,1461.7550049,1510.8360058199999,,0.011984462176271976,,-0.04092778733380875,
2025-10-13,1375.0,1377.699951,1367.800049,1376.900024,7600682,-0.0006541347367546857,-0.027306152133097727,1455.8350037,1506.9220067999997,,0.011885731126506326,,-0.04092778733380875,
2025-10-10,1381.699951,1388.0,1375.099976,1377.800049,6373084,0.004872691636363724,-0.022566514955854267,1450.4549988,1503.0480053400001,,0.012050790908818049,,-0.04092778733380875,
2025-10-09,1377.800049,1380.0,1369.099976,1374.0,8826633,-0.0028225390014507967,-0.02532535908871536,1445.44500125,1499.3020067999998,,0.012016377527955376,,-0.04092778733380875,
2025-10-08,1367.400024,1389.0,1364.5,1384.800049,8525081,-0.0075482832269807565,-0.03268247933246948,1439.01000365,1495.7620068,,0.011459112860943052,,-0.04092778733380875,
2025-10-07,1384.800049,1395.900024,1375.900024,1376.0,11244040,0.012724897392571544,-0.020373463135938463,1434.5950073,1492.5700073,,0.01176447760316283,,-0.04092778733380875,
2025-10-06,1375.0,1377.400024,1359.0,1360.0,12396580,-0.007076869333646263,-0.02730615213309784,1429.6900085,1489.22400632,,0.011775302750877754,,-0.04092778733380875,
2025-10-03,1363.400024,1371.599976,1356.900024,1363.199951,12842347,-0.00843634618181821,-0.035512134162627884,1423.6250121500002,1485.36800778,,0.011517301221196754,,-0.04092778733380875,
2025-10-01,1368.699951,1378.599976,1362.699951,1367.0,12045916,0.0038872868613064604,-0.03176289315386871,1417.7400085,1481.6120068,,0.011600166923643355,,-0.04092778733380875,
2025-09-30,1364.0,1377.099976,1362.800049,1377.099976,14604684,-0.003433879716709387,-0.035087702916033026,1411.5150085,1477.9920068000001,,0.01153041727021822,,-0.04092778733380875,
2025-09-29,1372.800049,1389.0,1368.0,1381.599976,14231999,0.006451648826979461,-0.028862427626413223,1404.9450134,1474.7100073,,0.011286740286819887,,-0.04092778733380875,
2025-09-26,1377.599976,1382.699951,1366.0,1372.0,9879109,0.0034964501957124305,-0.025466893471423946,1399.480011,1471.67400634,,0.011295240412271632,,-0.04092778733380875,
2025-09-25,1372.400024,1384.5,1369.0,1381.300049,11411143,-0.003774645826503664,-0.02914541079477173,1393.8950134000002,1468.26200682,,0.011286711203977166,,-0.04092778733380875,
2025-09-24,1383.0,1396.0,1380.400024,1385.300049,5922759,0.007723678092853126,-0.02164684247278137,1390.4650146,1465.1100073,,0.010722187959639428,,-0.04092778733380875,
2025-09-23,1389.800049,1395.0,1376.800049,1391.0,14014702,0.004916882863340577,-0.0168363945982406,1387.53501585,1462.19400876,,0.010845247739126948,,-0.04092778733380875,
2025-09-22,1390.599976,1410.699951,1388.0,1403.900024,7757970,0.0005755698458749237,-0.016270515273409725,1383.8050171,1459.2300073,,0.010387884563864108,,-0.04092778733380875,
2025-09-19,1407.400024,1417.0,1403.599976,1414.900024,13461373,0.012081150790987927,-0.004385931030886914,1380.83501585,1456.4520067999997,,0.010870500830158286,,-0.04092778733380875,
2025-09-18,1415.0,1422.0,1410.699951,1420.400024,9332642,0.0054000112763958885,0.0009903961684847307,1380.7450133999998,1453.43000728,,0.007923958744913695,,-0.04092778733380875,
2025-09-17,1413.800049,1416.199951,1406.900024,1407.0,7519417,-0.0008480219081272722,0.00014153438270891883,1381.5200134000002,1450.3560082599997,,0.007314658479225457,,-0.04092778733380875,
2025-09-16,1405.300049,1408.0,1398.199951,1404.699951,8686961,-0.006012165585941309,-0.005871482131377337,1383.0700133999999,1447.19400876,,0.006236782382443723,,-0.04092778733380875,
2025-09-15,1399.300049,1400.800049,1388.599976,1393.0,5396697,-0.004269550836684011,-0.010115964376614772,1384.24001465,1443.7820092600002,,0.006352690775932332,,-0.04092778733380875,
2025-09-12,1395.0,1396.300049,1380.5,1383.300049,7403368,-0.0030729999638554606,-0.013157877982306498,1385.24001465,1440.88801024,,0.006405890718951666,,-0.04092778733380875,
2025-09-11,1383.300049,1385.5,1375.0,1376.0,9766072,-0.008387061648745586,-0.021434583697247822,1385.3200195499999,1437.8360107400001,,0.006637821090653337,,-0.04092778733380875,
2025-09-10,1377.0,1388.5,1374.099976,1383.900024,7790815,-0.00455436187149294,-0.025891324718018693,1385.2800171000001,1434.44401122,,0.006688761319884572,,-0.04092778733380875,
2025-09-09,1376.199951,1381.199951,1368.699951,1376.599976,9754452,-0.0005810087145968756,-0.026457290347321916,1385.72001345,1430.9860107200002,,0.006452637127533672,,-0.04092778733380875,
2025-09-08,1378.5,1386.0,1372.400024,1380.0,6986720,0.0016713043757403678,-0.024830204156709224,1385.405011,1428.17801024,,0.0057737307661895046,,-0.04092778733380875,
2025-09-05,1375.0,1381.0,1359.300049,1363.0,5777575,-0.0025389916575988547,-0.027306152133097727,1385.405011,1425.2900097600002,,0.005575527087019247,,-0.04092778733380875,
2025-09-04,1359.300049,1374.0,1357.099976,1371.800049,13223177,-0.011418146181818245,-0.03841251267819734,1385.2000122499999,1422.1100097600001,,0.005846677240734231,,-0.04092778733380875,
2025-09-03,1372.599976,1376.5,1360.5,1369.699951,7847563,0.009784393820764237,-0.029003962009121698,1385.3950135,1419.1840088,,0.006198293885830318,,-0.04092778733380875,
2025-09-02,1366.5,1384.5,1354.5,1354.800049,11517006,-0.004444103239587993,-0.033319168647184094,1385.5200135,1416.29600832,,0.006233145267353486,,-0.04092778733380875,
2025-09-01,1353.900024,1363.199951,1340.599976,1356.0,11232238,-0.009220619099890248,-0.0422325643842536,1384.5750122499999,1413.1440088,,0.006377397974485106,,-0.04092778733380875,
2025-08-29,1357.199951,1403.5,1350.0,1381.099976,18758842,0.0024373490963169875,-0.03989815079057368,1383.555011,1410.42000734,,0.006345265410834566,,-0.04092778733380875,
2025-08-28,1385.900024,1392.199951,1366.5,1389.900024,13161813,0.02114653259370769,-0.0195953257429875,1384.230011,1408.35200684,,0.007957366349278032,,-0.04092778733380875,
2025-08-26,1384.900024,1410.0,1381.599976,1408.0,12145259,-0.0007215527690906942,-0.020302739450527074,1384.3250122,1406.49000732,,0.0077769825886121685,,-0.04092778733380875,
2025-08-25,1412.599976,1419.5,1405.699951,1414.699951,5979407,0.020001409141429782,-0.0007074137075391285,1385.4650085500002,1404.82000732,,0.008916920153736602,,-0.04092778733380875,
2025-08-22,1409.199951,1423.400024,1407.900024,1420.0,5818868,-0.002406926984118707,-0.0031126379985162433,1386.3950073,1403.5420068199999,,0.008946666603227576,,-0.04092778733380875,
2025-08-21,1424.800049,1431.900024,1420.300049,1425.0,11021323,0.011070180629036752,0.007923085165644217,1387.2650085500002,1402.5760082800002,,0.00888161225295208,,-0.04092778733380875,
2025-08-20,1413.0,1424.900024,1410.0,1413.0,8725641,-0.008281898227250784,-0.0004244312465943034,1387.16500855,1401.1420092600001,,0.0090224368235776,,-0.04092778733380875,
2025-08-19,1420.099976,1421.0,1389.099976,1390.0,14384719,0.005024753007784932,0.004598189099007666,1387.4800049,1399.8160083,,0.009089806342338216,,-0.04092778733380875,
2025-08-18,1381.699951,1394.900024,1377.0,1390.0,11785109,-0.02704036733256021,-0.022566514955854267,1386.3,1397.6800073200002,,0.01089128946886097,,-0.04092778733380875,
2025-08-14,1373.800049,1380.699951,1370.099976,1377.300049,7126128,-0.005717523543575909,-0.02815501391887365,1385.025,1395.07200928,,0.010920409866471905,,-0.04092778733380875,
2025-08-13,1377.099976,1386.263451,1372.020288,1382.478519,7457021,0.0024020431520599406,-0.025820600325193732,1384.1299988,1392.87600832,,0.010930699429982055,,-0.04092778733380875,
2025-08-12,1374.908813,1396.323287,1369.729426,1376.402846,12244664,-0.0015911430093583645,-0.027370659066847214,1383.710437,1390.6921850600002,,0.010780111407694172,,-0.04092778733380875,
2025-08-11,1380.685669,1382.478557,1355.785119,1364.550161,9997486,0.00420162846101424,-0.023284031945964956,1383.89472045,1389.27389892,,0.010773853982825623,,-0.04092778733380875,
2025-08-08,1362.358887,1391.641835,1359.569977,1379.490416,8793606,-0.013273681628979017,-0.03624864874785427,1383.20266725,1387.5530761799998,,0.011187481112705278,,-0.04092778733380875,
2025-08-07,1383.872925,1388.155746,1360.565987,1382.179615,9976705,0.01579175517207143,-0.021029323362127372,1383.4713135,1385.92653566,,0.011759074312894994,,-0.04092778733380875,
2025-08-06,1387.259521,1390.347165,1377.797312,1386.363077,5834312,0.00244718712160652,-0.018633598929828743,1384.08428955,1384.3357251,,0.011749455845919469,,-0.04092778733380875,
2025-08-05,1386.163696,1405.386969,1382.578042,1405.386969,9315972,-0.0007899206914147028,-0.019408800555893224,1385.4274719,1383.72299804,,0.011417242230145236,,-0.04092778733380875,
2025-08-04,1405.88501,1410.466687,1386.163726,1389.550225,6312820,0.014227261943815739,-0.005457672701601468,1387.0917236,1383.8746972600002,,0.011637414302809823,,-0.04092778733380875,
2025-08-01,1388.155762,1400.307303,1378.793253,1381.382885,10321171,-0.012610738341964356,-0.01799958576116989,1388.1745117,1384.1518115200001,,0.011986254503920468,,-0.04092778733380875,
2025-07-31,1384.669678,1397.020374,1376.701502,1382.578056,17065827,-0.0025113060763278794,-0.020465689368404316,1389.7129944,1384.3272046000002,,0.011781568302512355,,-0.04092778733380875,
2025-07-30,1404.490601,1417.638164,1395.72568,1412.458777,7209849,0.014314549755021,-0.0064440967421180995,1392.0775269,1384.9170166200001,,0.012141577598988594,,-0.04092778733380875,
2025-07-29,1411.462769,1414.550412,1377.498442,1377.498442,10750072,0.0049641969800551244,-0.0015118895276493571,1393.3556641500002,1385.51227298,,0.011292886533775847,,-0.04092778733380875,
2025-07-28,1382.080078,1402.199795,1379.490445,1386.761454,7748361,-0.02081719167188323,-0.02229760790544877,1393.21466685,1385.5978735600002,,0.012300804088130864,,-0.04092778733380875,
2025-07-25,1386.163696,1395.426749,1378.593954,1393.335127,11854722,0.0029546898656620524,-0.019408800555893446,1391.8928528499998,1385.9731470000002,,0.011397170950610951,,-0.04092778733380875,
2025-07-24,1397.319214,1417.339231,1390.446638,1413.554299,14740507,0.008047763790229867,-0.011517234207989113,1391.298816,1386.2235303,,0.01156211468055016,,-0.04092778733380875,
2025-07-23,1418.932861,1420.327316,1408.773486,1420.327316,8354596,0.015467938022642791,0.003772555949732137,1391.0054566,1387.1021875200001,,0.011829645228914977,,-0.04092778733380875,
2025-07-22,1407.179932,1426.203928,1405.088188,1421.721829,20396320,-0.008282935241711864,-0.004541627128607062,1390.7144531999998,1387.9777856800001,,0.011829682798587045,,-0.04092778733380875,
2025-07-21,1422.916992,1470.128459,1417.438871,1459.172217,22442744,0.011183402805946097,0.006590984831765345,1390.8553040000002,1389.0621265,,0.012049305108396757,,-0.04092778733380875,
2025-07-18,1470.128418,1478.89346,1463.255842,1478.89346,10296318,0.03317932547396274,0.03998899473665518,1395.27672735,1391.1846948599998,,0.01241097833307739,,-0.04092778733380875,
2025-07-17,1470.526855,1483.674297,1468.036801,1481.483097,11854613,0.00027102190197925147,0.04027085453204626,1400.1130676500002,1393.13923098,,0.012256310896601468,,-0.04092778733380875,
2025-07-16,1479.690186,1485.068728,1465.6463,1467.140333,10409983,0.006231325166788482,0.046753120488168376,1405.24257815,1395.1810351800002,,0.012268508803186275,,-0.04092778733380875,
2025-07-15,1479.491089,1490.546909,1476.503023,1480.287834,8132454,-0.0001345531665234434,0.04661227654123845,1410.4716919500001,1397.3228564800002,,0.012239921796180038,,-0.04092778733380875,
2025-07-14,1477.797729,1494.032936,1473.216053,1486.263916,10311846,-0.0011445557277027785,0.04541437046543906,1415.32729495,1399.2188110600002,,0.012287665449900531,,-0.04092778733380875,
2025-07-11,1489.252075,1508.97336,1484.371665,1505.985294,7234991,0.007750956558683519,0.05351733183674012,1421.6719543499999,1401.2078515800001,,0.01166275844610851,,-0.04092778733380875,
2025-07-10,1511.164551,1518.634716,1501.503186,1513.654606,10047129,0.014713745488654117,0.06901851772527179,1428.0365356500001,1403.61914308,,0.011610330574449457,,-0.04092778733380875,
2025-07-09,1512.957397,1544.830101,1504.092777,1530.586938,8870660,0.0011864002492736336,0.07028680156117928,1434.3214294499999,1405.7302905400002,,0.011625322539197697,,-0.04092778733380875,
2025-07-08,1531.483398,1538.754408,1524.112811,1529.889788,7171261,0.012244892709295518,0.08339234861447098,1441.58741455,1408.0599585,,0.011683689968255435,,-0.04092778733380875,
2025-07-07,1535.36792,1538.654841,1518.933557,1520.527168,7251074,0.0025364440809954036,0.08614031272450995,1448.06156005,1410.4913159200003,,0.011491877693819845,,-0.04092778733380875,
2025-07-04,1521.224487,1523.913698,1511.164568,1517.937566,6603501,-0.009211754925816051,0.07613505434864254,1454.7149963,1412.8098046799998,,0.011248423362927347,,-0.04092778733380875,
2025-07-03,1511.762207,1525.806093,1506.981253,1514.750273,11283291,-0.006220173341188073,0.06944130777206503,1461.0696227499998,1415.05904784,,0.011402173098982614,,-0.04092778733380875,
2025-07-02,1512.758301,1523.913699,1502.698381,1522.320088,6361002,0.0006588959529401084,0.07014595832166304,1466.48300775,1417.41421386,,0.011187968950500794,,-0.04092778733380875,
2025-07-01,1522.320068,1525.308134,1494.132597,1494.630608,10368523,0.0063207499794772914,0.07691008336576233,1472.0258727,1420.1946142400002,,0.011199638497858431,,-0.04092778733380875,
2025-06-30,1494.630615,1518.734421,1490.048938,1507.778179,8409527,-0.018188982449911406,0.05732218475928974,1477.65339955,1422.54722654,,0.01090659842289552,,-0.04092778733380875,
2025-06-27,1509.371704,1515.945425,1490.945298,1493.435353,11117052,0.009862697078501848,0.06775023318195039,1483.81379995,1425.2106615999999,,0.01098160468131086,,-0.04092778733380875,
2025-06-26,1489.351685,1492.837761,1459.271748,1463.255836,14657893,-0.013263809667919846,0.053587797316148045,1488.4154235,1427.4276952999999,,0.01161681381031787,,-0.04092778733380875,
2025-06-25,1461.463135,1466.542823,1454.690137,1458.176214,7525851,-0.018725295228037453,0.03385905476274553,1490.5419372000001,1429.1569579999998,,0.01222547867252208,,-0.04092778733380875,
2025-06-24,1445.028687,1469.132369,1437.359245,1459.17215,16402744,-0.011245201884616751,0.022233100971699393,1492.43437495,1430.8715307599998,,0.012367969097016127,,-0.04092778733380875,
2025-06-23,1451.004883,1457.977037,1436.263709,1447.219951,5989078,0.0041356936742944495,0.026460743941042475,1493.8387695,1432.4396289,,0.01217343088224832,,-0.04092778733380875,
2025-06-20,1460.367432,1465.148386,1422.419017,1425.307505,29010635,0.006452458644138126,0.03308393944115329,1493.3507201999998,1434.31697754,,0.009670138447087985,,-0.04092778733380875,
2025-06-19,1427.598389,1434.17211,1420.028524,1424.411045,10007230,-0.022438902896596558,0.009902669239999717,1491.2042969,1435.79094484,,0.010860993442604742,,-0.04092778733380875,
2025-06-18,1424.411011,1437.060563,1420.02849,1424.311433,6681735,-0.0022326853438331407,0.007647874351689676,1488.4403381500001,1437.13516604,,0.010710868212801853,,-0.04092778733380875,
2025-06-17,1425.506592,1442.239809,1420.12817,1442.239809,10366599,0.0007691466799535362,0.008422903368809465,1485.7411133,1437.9272973999998,,0.010720375200899503,,-0.04092778733380875,
2025-06-16,1432.080444,1436.662121,1418.733726,1421.22378,8458093,0.004611590038862579,0.01307333638494601,1483.4552490499998,1438.8709058000002,,0.010815795646315839,,-0.04092778733380875,
2025-06-13,1422.219849,1429.789592,1408.673974,1418.335338,9757276,-0.006885503563234141,0.006097816317449878,1480.10363775,1439.0633032599999,,0.010649796188057182,,-0.04092778733380875,
2025-06-12,1435.865234,1451.203997,1428.693925,1447.71792,8828114,0.009594427338076139,0.015750748711104823,1476.3386719,1439.59660892,,0.010275667751797448,,-0.04092778733380875,
2025-06-11,1443.13623,1462.757814,1437.359255,1440.048587,8195700,0.005063842920511874,0.020894350948970297,1472.84761355,1439.96333254,,0.01038491603556888,,-0.04092778733380875,
2025-06-10,1432.777588,1448.11635,1430.287533,1444.23184,7913181,-0.007177868440043311,0.013566505606675161,1467.9123230500002,1440.3588843,,0.009846578445515258,,-0.04092778733380875,
2025-06-09,1443.036743,1451.702086,1439.550666,1451.204075,7885125,0.007160326268308426,0.020823972481448294,1463.2957642000001,1440.81761964,,0.010042646222540185,,-0.04092778733380875,
2025-06-06,1437.75769,1445.725866,1431.283548,1435.267636,8182161,-0.003658294236517534,0.017089498026420458,1459.12242435,1441.93877442,,0.009939498165260652,,-0.04092778733380875,
2025-06-05,1436.662109,1448.913107,1417.936848,1422.319369,13716817,-0.0007620067050378987,0.01631446900930067,1455.3674194500002,1443.19601562,,0.009914692376387651,,-0.04092778733380875,
2025-06-04,1417.83728,1420.02848,1400.506474,1409.072238,8126827,-0.013103170802704178,0.0029975269326121268,1450.6213684,1444.0107616999999,,0.010158664505459644,,-0.04092778733380875,
2025-06-03,1399.908936,1420.825398,1397.817314,1416.642154,11252626,-0.012644853011623436,-0.009685229366472536,1444.5008118,1444.51076416,,0.010109649367703206,,-0.04092778733380875,
2025-06-02,1408.076294,1411.861226,1390.04832,1406.482683,8098668,0.005834206632994832,-0.003907528362889656,1440.17309575,1445.05857666,,0.009773361914131959,,-0.04092778733380875,
2025-05-30,1415.247681,1424.909045,1404.092161,1412.359193,13788484,0.005093038658883886,0.0011656091029812465,1435.4668946,1446.1163525400002,,0.009499048849664057,,-0.04092778733380875,
2025-05-29,1412.160034,1414.351234,1402.996559,1406.482636,13771917,-0.0021817008015292405,-0.0010186347088622094,1431.60731205,1446.68209472,,0.009197777395968427,,-0.04092778733380875,
2025-05-28,1407.279541,1416.940906,1405.08822,1414.450851,5944611,-0.003456048098299247,-0.004471162356613045,1428.89813235,1447.0824951200002,,0.008388443024052497,,-0.04092778733380875,
2025-05-27,1416.442871,1431.283623,1408.275539,1420.426959,12640414,0.006511378679951774,0.0020111028920952734,1427.46884155,1447.68807862,,0.008281108960185319,,-0.04092778733380875,
2025-05-26,1429.092407,1435.267695,1419.430921,1426.303497,4842944,0.008930495016060691,0.010959558052510587,1426.37321775,1448.15222656,,0.008503002386752022,,-0.04092778733380875,
2025-05-23,1421.124268,1428.096422,1401.00455,1401.00455,6474883,-0.005575663939553777,0.00532278730033009,1424.4110595500001,1448.81159668,,0.008393214613439117,,-0.04092778733380875,
2025-05-22,1403.793457,1418.136198,1391.343182,1415.546444,12134466,-0.012195141121888131,-0.006937265963847361,1423.22081295,1449.1940722600002,,0.007275194845517068,,-0.04092778733380875,
2025-05-21,1423.514526,1430.48668,1412.458707,1418.235683,6136364,0.014048412109104236,0.007013688574086352,1423.1759887,1449.5745507600002,,0.007984542705193986,,-0.04092778733380875,
2025-05-20,1418.932861,1439.251734,1416.144073,1432.478736,11270560,-0.0032185586562816226,0.003772555949732137,1422.84730215,1449.7239525999998,,0.008014029276765212,,-0.04092778733380875,
2025-05-19,1435.068481,1448.813511,1432.478727,1446.323457,6195791,0.011371658549530261,0.015187114717381656,1422.9967040000001,1450.7837206599997,,0.008362645937281121,,-0.04092778733380875,
2025-05-16,1450.606445,1455.188122,1441.54267,1447.419102,9036695,0.010827332775905196,0.02617888343823771,1424.4160338,1452.07257564,,0.008516261917575436,,-0.04092778733380875,
2025-05-15,1448.415161,1455.586593,1407.080248,1419.331367,20177211,-0.0015105985552131829,0.024628739099525676,1425.04353015,1453.0944945800002,,0.008286937445988338,,-0.04092778733380875,
2025-05-14,1418.733765,1424.211886,1409.869145,1414.351244,5570160,-0.0204923262329757,0.003631712710215673,1423.8234069,1453.09051266,,0.009432147482263316,,-0.04092778733380875,
2025-05-13,1410.068237,1441.94094,1406.781438,1427.797477,11407896,-0.006107931039478709,-0.00249840058005224,1422.6879393499999,1453.14827876,,0.009397098479435057,,-0.04092778733380875,
2025-05-12,1430.785522,1433.275577,1394.430722,1394.430722,10674081,0.014692398889912583,0.012157290811951382,1422.0753783,1453.3056493600002,,0.009870101186657484,,-0.04092778733380875,
2025-05-09,1371.721436,1389.25152,1369.032225,1379.988467,13668904,-0.04128088039179911,-0.029625453247744238,1418.7735656,1451.33750972,,0.013460137625731344,,-0.04092778733380875,
2025-05-08,1401.402954,1415.148106,1392.438756,1398.514466,16106175,0.02163815277725223,-0.008628340553962,1417.0106078499998,1449.9550317,,0.014484410611553204,,-0.04092778733380875,
2025-05-07,1400.40686,1418.733689,1397.119939,1415.247612,13440169,-0.0007107834311014249,-0.009332991103559785,1416.1390868499998,1448.36936518,,0.014208184460544003,,-0.04092778733380875,
2025-05-06,1415.247681,1426.303501,1404.988605,1425.307479,14084117,0.0105975066417483,0.0011656091029812465,1416.9060241,1447.0844970199998,,0.01411460208244423,,-0.04092778733380875,
2025-05-05,1425.606323,1433.773655,1421.223802,1425.307468,12685649,0.007319313883404899,0.00849345444527616,1417.78252555,1446.0406689,,0.01414723108707601,,-0.04092778733380875,
2025-05-02,1414.1521,1421.024554,1403.494591,1408.375123,13007841,-0.00803463257366599,0.00039058008586123627,1417.7277465,1444.5386694000001,,0.014237664900216855,,-0.04092778733380875,
2025-04-30,1399.410889,1406.781476,1363.554097,1396.422823,25480745,-0.010424063295595976,-0.010037554641271762,1417.09028925,1442.30359616,,0.014423996282553163,,-0.04092778733380875,
2025-04-29,1394.131958,1405.287477,1364.550153,1365.546175,32538970,-0.0037722523395343766,-0.013771942791827363,1416.4329100999998,1439.9270873799999,,0.0144277487953249,,-0.04092778733380875,
2025-04-28,1363.35498,1369.131835,1314.948213,1334.669498,31104496,-0.022076086717179977,-0.03554399890567095,1413.77851555,1436.56451902,,0.015110151591592423,,-0.04092778733380875,
2025-04-25,1295.227051,1319.928324,1282.975931,1298.314695,14431012,-0.04997079263978632,-0.08373862974655322,1407.08524775,1431.7617016399997,,0.018310172346631647,,-0.04092778733380875,
2025-04-24,1296.422241,1299.310729,1285.167265,1287.258887,10468940,0.0009227648535268251,-0.08289313595743897,1400.8501464,1427.26565672,,0.01835224295026726,,-0.04092778733380875,
2025-04-23,1294.828613,1300.804745,1280.286716,1291.840547,10480888,-0.001229250740692911,-0.08402049024935787,1395.4019042,1422.9269848400002,,0.01827131972574251,,-0.04092778733380875,
2025-04-22,1286.063599,1298.713151,1281.183188,1294.828641,13051707,-0.0067692464562488786,-0.090220981299734,1388.52935785,1418.3930907999998,,0.01778323672166689,,-0.04092778733380875,
2025-04-21,1290.346436,1295.724978,1261.95981,1264.947876,10429964,0.0033301906712313034,-0.0871912436987764,1382.1000366,1413.7536181599999,,0.01787609494130492,,-0.04092778733380875,
2025-04-17,1269.430054,1275.107331,1222.716597,1235.26645,15398401,-0.01620989636305714,-0.10198777903771028,1373.81811525,1409.2496069399997,,0.01764277586419049,,-0.04092778733380875,
2025-04-16,1234.370117,1235.963728,1224.111042,1229.19073,8248464,-0.027618644201407916,-0.12678965905698392,1363.00629885,1403.7495752,,0.017810739078901756,,-0.04092778733380875,
2025-04-15,1235.16687,1246.023534,1232.178804,1246.023534,13378535,0.0006454733382046385,-0.12622602506326064,1352.3438843,1398.6658789,,0.01785781735806747,,-0.04092778733380875,
2025-04-11,1214.100952,1217.786306,1190.395702,1190.395702,11224242,-0.01705511903828838,-0.14112834421836518,1342.11224365,1393.7186352400001,,0.01774519683419008,,-0.04092778733380875,
2025-04-09,1180.634644,1185.067014,1163.353686,1164.847719,10223104,-0.027564683105528176,-0.16480286923830623,1330.6405639999998,1388.43075438,,0.018290127856672257,,-0.04092778733380875,
2025-04-08,1177.497192,1191.839934,1158.672473,1167.337816,19555040,-0.002657428372057735,-0.16702234578985353,1317.9761475,1382.96060056,,0.017518485584970274,,-0.04092778733380875,
2025-04-07,1161.062744,1166.590715,1110.415052,1127.696009,22156106,-0.013957101648867432,-0.17864829958089967,1307.4432129000002,1376.9745068000002,,0.015904445130855198,,-0.04092778733380875,
2025-04-04,1199.907593,1240.495487,1188.403612,1236.162816,17908652,0.033456287526869355,-0.1511689209309952,1297.36844485,1372.42069088,,0.017234522986301206,,-0.04092778733380875,
2025-04-03,1243.732666,1246.820432,1228.145018,1228.145018,7434366,0.03652370670513805,-0.120166463556873,1289.53473515,1368.8071239800001,1436.8920751899998,0.019831980740824637,,-0.04092778733380875,
2025-04-02,1246.172974,1250.555495,1238.951814,1242.587319,10142590,0.0019620840287553065,-0.11844015622705462,1281.0809998,1365.22045162,1436.05494018,0.019549858388999152,,-0.04092778733380875,
2025-04-01,1247.617065,1272.816469,1244.330266,1259.569329,12099648,0.0011588206694650438,-0.11741858645872016,1272.1815369,1361.53118404,1435.003525385,0.019374061134554338,,-0.04092778733380875,
2025-03-28,1270.027588,1290.595466,1263.951878,1274.90812,18147129,0.017962661483794218,-0.1015650752953896,1264.9753113000002,1358.48733882,1434.05966308,0.020121065469233874,,-0.04092778733380875,
2025-03-27,1273.115234,1279.888232,1266.24278,1273.065506,15028056,0.002431164511050188,-0.09938083219095972,1258.66052855,1355.23233882,1433.1312390049998,0.020149603748379243,,-0.04092778733380875,
2025-03-26,1267.98584,1288.653296,1263.702897,1285.864386,12074747,-0.004029009992979171,-0.10300943581793098,1252.35322265,1351.7293310199998,1432.2071679600003,0.020149181123224214,,-0.04092778733380875,
2025-03-25,1280.336426,1302.497915,1277.497787,1302.497915,13713899,0.009740318551191507,-0.09427246198538464,1248.2022949500001,1348.68050778,1431.192850335,0.019946535962166428,,-0.04092778733380875,
2025-03-24,1296.920166,1300.804676,1279.141198,1285.864347,20299319,0.01295264249554351,-0.08254089698711253,1248.2869507,1345.7581762399998,1430.30095092,0.016863129929339728,,-0.04092778733380875,
2025-03-21,1271.272583,1275.904109,1265.047446,1269.927978,21780769,-0.01977576081579735,-0.1006843487665714,1247.0294678,1342.4284741,1429.304313955,0.017441656464155207,,-0.04092778733380875,
2025-03-20,1264.101318,1267.935979,1245.077323,1246.870089,15971477,-0.005641012868441542,-0.10575739992797006,1245.49310305,1338.97725828,1428.10382079,0.017474769988149518,,-0.04092778733380875,
2025-03-19,1242.188843,1248.264553,1233.872084,1236.113133,16162399,-0.017334429359403658,-0.12125858510908816,1243.29936525,1335.46428954,1426.7767651249999,0.017812997641383412,,-0.04092778733380875,
2025-03-18,1233.921753,1233.921753,1233.921753,1233.921753,0,-0.006655260226000825,-0.1271068378965513,1240.4781311000002,1332.14454588,1425.05587401,0.017807949181760672,,-0.04092778733380875,
2025-03-17,1233.921753,1252.398009,1228.194627,1237.208674,16640917,0.0,-0.1271068378965513,1238.70271605,1328.66145506,1423.26398253,0.017497335264552813,,-0.04092778733380875,
2025-03-13,1242.935913,1259.121271,1238.901975,1255.037605,9505270,0.0073052930447849995,-0.1207300975505966,1239.13100585,1325.2152197,1421.6006622149998,0.016440437488285317,,-0.04092778733380875,
2025-03-12,1252.049438,1257.97572,1239.051303,1252.995611,11977555,0.007332256558588934,-0.11428306504159214,1239.9751342499999,1322.01300778,1420.008909285,0.016511957277104458,,-0.04092778733380875,
2025-03-11,1242.338257,1244.529457,1224.858023,1235.067248,10089838,-0.007756228073160121,-0.12115288759738985,1241.3869995,1318.7141821,1418.5216003249998,0.016108490227544812,,-0.04092778733380875,
2025-03-10,1233.473633,1252.995639,1230.485567,1240.047354,11931051,-0.007135435095918519,-0.1274238441271741,1244.02894895,1315.0547973399998,1416.96096861,0.014776260116362926,,-0.04092778733380875,
2025-03-07,1244.828369,1249.808479,1207.178688,1211.162776,16474965,0.009205495517876194,-0.11939134823528119,1247.3955078,1311.36951658,1415.3891106999997,0.014805103747815624,,-0.04092778733380875,
2025-03-06,1204.788208,1209.120879,1180.435518,1192.238355,14468014,-0.03216520606143103,-0.14771630697877236,1249.581781,1307.04279538,1413.6220519849999,0.016372311834528405,,-0.04092778733380875,
2025-03-05,1170.923462,1178.294049,1152.397477,1156.381565,8664095,-0.02810846402308076,-0.17167269250151795,1248.13257445,1302.38539548,1411.6856695400002,0.015923613798056797,,-0.04092778733380875,
2025-03-04,1157.277954,1169.329796,1154.937327,1157.576688,11377373,-0.011653629330044213,-0.18132571190705882,1243.80983885,1297.06066404,1409.618559555,0.013371855837350457,,-0.04092778733380875,
2025-03-03,1166.590698,1201.650622,1151.401364,1199.210417,17944938,0.008047110867196228,-0.17473774914665197,1239.83072505,1292.01382078,1407.574512925,0.013570668880468276,,-0.04092778733380875,
2025-02-28,1195.325928,1212.507307,1188.553051,1197.218394,23007298,0.02463180106721552,-0.15441005355534976,1237.2161682,1287.2189697200001,1405.725642685,0.014916323405618805,,-0.04092778733380875,
2025-02-27,1202.298096,1210.166694,1195.873803,1207.975494,11509215,0.0058328593370895465,-0.14947784634088102,1233.8296936000002,1282.25280274,1404.0151330449999,0.014294171411407045,,-0.04092778733380875,
2025-02-25,1199.210449,1216.142823,1196.720394,1206.182603,11552182,-0.0025681210094838924,-0.15166209015272447,1230.13445435,1277.2687085,1402.28918517,0.0142444716072802,,-0.04092778733380875,
2025-02-24,1209.718506,1218.383848,1205.684568,1211.71055,7172498,0.008762479520389777,-0.14422854659131745,1227.2210876499998,1273.08840332,1400.626277455,0.014475867431819868,,-0.04092778733380875,
2025-02-21,1223.264404,1235.06724,1217.288272,1223.812143,6904025,0.01119756202192046,-0.13464599266518473,1224.3674865500002,1269.35232666,1398.9615997199999,0.014542903120999113,,-0.04092778733380875,
2025-02-20,1228.095093,1234.419808,1217.138851,1219.081045,7795582,0.003949014607311341,-0.13122869704972417,1220.9262329,1265.2985180800001,1397.319575185,0.014184880503346837,,-0.04092778733380875,
2025-02-19,1222.567139,1227.846104,1212.706618,1214.648813,6217338,-0.0045012426411510376,-0.13513924748397232,1218.4909607,1262.31543214,1395.70741088,0.013612605098331643,,-0.04092778733380875,
2025-02-18,1220.525391,1225.00749,1211.262337,1219.97753,6673250,-0.0016700497951139814,-0.1365836080065138,1216.31216435,1258.69788088,1394.1255377149998,0.013583524911457801,,-0.04092778733380875,
2025-02-17,1220.027344,1222.616977,1199.708471,1206.282192,8166683,-0.0004080595157399669,-0.1369359332813126,1215.2040894000002,1255.09029056,1392.578674315,0.013073532642067462,,-0.04092778733380875,
2025-02-14,1212.407715,1219.130863,1200.654607,1214.150753,10298145,-0.006245457560826617,-0.14232616328227854,1214.1283875,1251.03349124,1390.92571289,0.013064220043658623,,-0.04092778733380875,
2025-02-13,1211.262329,1223.115015,1207.178663,1212.208623,8511216,-0.0009447201513396175,-0.1431364250391025,1212.9954163,1246.7466113599999,1389.279024655,0.013062892988497072,,-0.04092778733380875,
2025-02-12,1211.710571,1222.019374,1188.602789,1214.598938,21131654,0.00037006186791122,-0.14281933250400736,1211.4341491999999,1242.6977807800001,1387.65957763,0.012926499817052206,,-0.04092778733380875,
2025-02-11,1229.937744,1259.519671,1225.20664,1259.519671,8859714,0.015042513811658331,-0.1299251804741124,1210.3285645,1239.30831788,1386.115266105,0.013303557823266204,,-0.04092778733380875,
2025-02-10,1248.662964,1261.461822,1240.59521,1259.469778,6970972,0.015224526681409056,-0.11667870316941831,1210.64479985,1236.3989379999998,1384.6270806799998,0.013659331634666066,,-0.04092778733380875,
2025-02-07,1261.661011,1278.593385,1256.979756,1271.073492,8764283,0.01040957197798309,-0.10748370655037498,1212.0541687500001,1234.3650586200001,1383.1048858550002,0.01371703062805211,,-0.04092778733380875,
2025-02-06,1276.452026,1282.87632,1265.296507,1268.633156,9956001,0.011723446211812982,-0.09702033979095159,1213.6353516000001,1233.98955812,1381.649645985,0.013805446807230882,,-0.04092778733380875,
2025-02-05,1273.115234,1285.366353,1271.621201,1277.547605,10112028,-0.002614114696073866,-0.09938083219095983,1217.0517029,1233.52341798,1380.1982220349998,0.01140225594407031,,-0.04092778733380875,
2025-02-04,1280.087402,1283.673179,1241.640978,1243.085283,16691069,0.005476462627891143,-0.0944486249764912,1222.5098999,1233.22859376,1378.7491589249998,0.00877810676731426,,-0.04092778733380875,
2025-02-03,1240.943848,1251.003646,1232.627088,1246.023536,9252345,-0.03057881355510772,-0.12213931163790648,1226.6931946,1232.3261987399999,1377.25537841,0.011276059096450372,,-0.04092778733380875,
2025-02-01,1259.569336,1265.49574,1236.063242,1260.067347,7118453,0.015009130372835466,-0.10896338611709278,1231.3421265,1231.7106567399999,1375.87372497,0.011526650083215904,,-0.04092778733380875,
2025-01-31,1260.067383,1261.959849,1244.031453,1250.854179,6584612,0.0003954105468950697,-0.10861106084229377,1234.57919925,1231.5234033200002,1374.441062005,0.010457315748795912,,-0.04092778733380875,
2025-01-30,1248.06543,1251.999668,1227.497551,1230.635044,9269259,-0.00952485014843052,-0.11710140691173943,1236.86756595,1231.79730958,1372.9358892750001,0.01077370474154442,,-0.04092778733380875,
2025-01-29,1230.585205,1237.806365,1223.16489,1231.083216,5928156,-0.014005856247456538,-0.1294671576876152,1238.4363037500002,1231.7056762799998,1371.49431518,0.01131475504437971,,-0.04092778733380875,
2025-01-28,1229.489624,1239.798428,1213.652849,1233.075279,10568025,-0.0008902926798961541,-0.13024218670473509,1239.42485965,1232.0134497200002,1370.04476318,0.011187234030059308,,-0.04092778733380875,
2025-01-27,1224.459595,1235.515414,1215.146814,1234.170809,9536019,-0.0040911520535126256,-0.1338004981686567,1239.4846192,1232.88994874,1368.5755609099997,0.010964581567224161,,-0.04092778733380875,
2025-01-24,1241.342285,1267.936024,1238.553375,1260.96387,14235970,0.013787870231847021,-0.12185745184251562,1240.1469788,1234.1668506,1367.187772215,0.011359665828937125,,-0.04092778733380875,
2025-01-23,1258.623169,1272.268621,1256.581275,1264.947884,8720682,0.013921127322267912,-0.10963271762251448,1241.9497803,1236.1180591,1365.9263879400003,0.011667147598910564,,-0.04092778733380875,
2025-01-22,1272.019653,1277.796629,1263.653044,1273.214953,10273590,0.010643760841176908,-0.10015586120807984,1244.5244934,1237.5603002999999,1364.7289862050002,0.01181396527689169,,-0.04092778733380875,
2025-01-21,1268.633179,1307.776892,1265.147102,1305.286837,14562976,-0.002662281193543947,-0.10255149933590635,1246.9547851500001,1238.0583105599999,1363.60515198,0.01185020218049207,,-0.04092778733380875,
2025-01-20,1300.256836,1310.764916,1295.07757,1310.764916,14040244,0.02492734505408989,-0.08018049089157686,1251.3472412,1239.1399878,1362.6599359149998,0.012723404795810148,,-0.04092778733380875,
